,Measurement,Temperature,Mass,Size,Time Constraint,Non-labelData,labelData,Data,Overall,LabelData
Precision,"p-value: 0.9676346083712113, Effect size: 0.5037499999999999, negligible","p-value: 6.2613960558707055e-06, Effect size: 0.9175, Large","p-value: 0.29144660464450534, Effect size: 0.5975, Small","p-value: 0.6359445511344555, Effect size: 0.45625000000000004, negligible","p-value: 0.7867749320074033, Effect size: 0.525, negligible","p-value: 0.08341508335601154, Effect size: 0.66, Medium",,"p-value: 0.0005353581513405597, Effect size: 0.82, Large","p-value: 0.021490317747919475, Effect size: 0.7125, Large","p-value: 0.6553614390103917, Effect size: 0.54125, negligible"
Recall,"p-value: 0.0001524694538213556, Effect size: 0.85, Large","p-value: 6.795615128173358e-08, Effect size: 0.99875, Large","p-value: 0.8604309737352772, Effect size: 0.48375, negligible","p-value: 0.00016098133965918395, Effect size: 0.84875, Large","p-value: 0.2559131501098182, Effect size: 0.395, Small","p-value: 0.07643094557954021, Effect size: 0.66375, Medium",,"p-value: 0.3039952778179398, Effect size: 0.405, Small","p-value: 0.03851496043112118, Effect size: 0.69125, Medium","p-value: 0.1635957256111319, Effect size: 0.62875, Small"
F1-score,"p-value: 0.0027986021909070804, Effect size: 0.77625, Large","p-value: 6.301848221392269e-08, Effect size: 1.0, Large","p-value: 0.8392322130718609, Effect size: 0.48124999999999996, negligible","p-value: 0.08341508335601154, Effect size: 0.66, Medium","p-value: 0.31040225614615824, Effect size: 0.40625, Small","p-value: 0.06585548423829655, Effect size: 0.67, Medium",,"p-value: 0.6263280630826087, Effect size: 0.545, negligible","p-value: 1.0377017592246101e-05, Effect size: 0.9075, Large","p-value: 0.17621399555130546, Effect size: 0.625, Small"
F2-score,"p-value: 0.00012940533589153548, Effect size: 0.85375, Large","p-value: 6.301848221392269e-08, Effect size: 1.0, Large","p-value: 0.8817307917391243, Effect size: 0.48624999999999996, negligible","p-value: 0.0004600727270090418, Effect size: 0.82375, Large","p-value: 0.2732851201810752, Effect size: 0.39875000000000005, Small","p-value: 0.058290580139488755, Effect size: 0.675, Medium",,"p-value: 0.5699997477501184, Effect size: 0.4475, negligible","p-value: 0.003799328640823848, Effect size: 0.7675, Large","p-value: 0.14409646897982906, Effect size: 0.635, Small"
